-- phpMyAdmin SQL Dump
-- version 4.5.1
-- http://www.phpmyadmin.net
--
-- Host: 127.0.0.1
-- Generation Time: May 04, 2017 at 04:00 AM
-- Server version: 10.1.19-MariaDB
-- PHP Version: 7.0.13

SET SQL_MODE = "NO_AUTO_VALUE_ON_ZERO";
SET time_zone = "+00:00";


/*!40101 SET @OLD_CHARACTER_SET_CLIENT=@@CHARACTER_SET_CLIENT */;
/*!40101 SET @OLD_CHARACTER_SET_RESULTS=@@CHARACTER_SET_RESULTS */;
/*!40101 SET @OLD_COLLATION_CONNECTION=@@COLLATION_CONNECTION */;
/*!40101 SET NAMES utf8mb4 */;

--
-- Database: `db_blog`
--

-- --------------------------------------------------------

--
-- Table structure for table `tbl_admin`
--

CREATE TABLE `tbl_admin` (
  `admin_id` int(2) NOT NULL,
  `admin_name` varchar(50) NOT NULL,
  `admin_email_address` varchar(100) NOT NULL,
  `admin_password` varchar(32) NOT NULL
) ENGINE=InnoDB DEFAULT CHARSET=utf8;

--
-- Dumping data for table `tbl_admin`
--

INSERT INTO `tbl_admin` (`admin_id`, `admin_name`, `admin_email_address`, `admin_password`) VALUES
(1, 'shahin', 'mdshahin0002@gmail.com', 'e10adc3949ba59abbe56e057f20f883e');

-- --------------------------------------------------------

--
-- Table structure for table `tbl_blog`
--

CREATE TABLE `tbl_blog` (
  `blog_id` int(5) NOT NULL,
  `category_id` int(2) NOT NULL,
  `blogger_id` int(5) NOT NULL,
  `blog_title` varchar(100) NOT NULL,
  `blog_short_description` text NOT NULL,
  `blog_description` text NOT NULL,
  `blog_image` varchar(256) NOT NULL,
  `blogger_name` varchar(50) NOT NULL,
  `blogger_email_address` varchar(100) NOT NULL,
  `counter` int(200) NOT NULL,
  `publication_status` tinyint(1) NOT NULL,
  `created_date_time` timestamp NOT NULL DEFAULT CURRENT_TIMESTAMP
) ENGINE=InnoDB DEFAULT CHARSET=utf8;

--
-- Dumping data for table `tbl_blog`
--

INSERT INTO `tbl_blog` (`blog_id`, `category_id`, `blogger_id`, `blog_title`, `blog_short_description`, `blog_description`, `blog_image`, `blogger_name`, `blogger_email_address`, `counter`, `publication_status`, `created_date_time`) VALUES
(20, 6, 1, 'অপ্রকাশিত তথ্য ঘাটে না ফেইসবুক', 'সামাজিক যোগাযোগ মাধ্যম ফেইসবুক ব্যবহারকারীদের অপ্রকাশিত তথ্য সংগ্রহ করে, এমন ধারণা করছেন ব্যবহারকারীরা। ২৭ হাজার ফেইসবুক ব্যবহারকারীর স্বাক্ষর নিয়ে অনলাইনে একটি পিটিসন দায়ের করেছেন তারা। প্রকাশ করার আগে মুছে ফেলা পোস্ট, কমেন্ট ও স্ট্যাটাস আপডেটগুলো সংগ্রহের অভিযোগ করা হয়েছে এই গ্রুপটিতে..', 'সামাজিক যোগাযোগ মাধ্যম ফেইসবুক ব্যবহারকারীদের অপ্রকাশিত তথ্য সংগ্রহ করে, এমন ধারণা করছেন ব্যবহারকারীরা। ২৭ হাজার ফেইসবুক ব্যবহারকারীর স্বাক্ষর নিয়ে অনলাইনে একটি পিটিসন দায়ের করেছেন তারা। প্রকাশ করার আগে মুছে ফেলা পোস্ট, কমেন্ট ও স্ট্যাটাস আপডেটগুলো সংগ্রহের অভিযোগ করা হয়েছে এই গ্রুপটিতে।\r\n\r\nএক প্রতিবেদনে ম্যাশএবল জানিয়েছে, ব্যবহারকারীদের অপ্রকাশিত তথ্য সংগ্রহ করে না ফেইসবুক, শুক্রবার এমন দাবি করেছেন ফেইসবুকের এক মুখপাত্র।\r\n\r\nফেইসবুকের সাবেক এক ইন্টার্নের প্রতিবেদনের উপর ভিত্তি করে দায়ের করা হয়েছে পিটিসনটি। প্রতিবেদনটি ডিসেম্বরের মাঝামাঝি সময়ে স্লেটে ফেইসবুক ব্যবহারকারীদের সেলফ-সেন্সরশিপ প্রকাশ করে।\r\n\r\n৩.৯ মিলিয়ন ফেইসবুক ব্যবহারকারীর উপর ১৭ দিন পরীক্ষা চালিয়ে দেখা গেছে ৭১ ভাগ ব্যবহারকারী একবার হলেও ব্যবহার করেছেন সেলফ-সেন্সর। পাঁচটির বেশি অক্ষর কম্পজ করার পরেই তথ্য ট্রাক করা যায় বলে জানিয়েছেন তারা।\r\n\r\nযদিও তথ্য সংগ্রহের প্রযুক্তি এখন রয়েছে ফেইসবুকে কিন্তু তথ্য সংগ্রহের অভিযোগটি পুরোপুরি নাকচ করেছে ফেইসবুক।', 'img/post/img4.jpg', 'shahin', 'shahin@gmail.com', 24, 1, '2017-04-14 18:57:49'),
(21, 6, 1, 'টয়োটা আনছে হাইড্রোজেন কার', 'প্রযুক্তিবিষয়ক সাইট ম্যাশএবল এক প্রতিবেদনে জানিয়েছে, টয়োটা তাদের ভিন্নধর্মী এ গাড়িটির নাম দিয়েছে ‘ফুয়েল সেল ভিয়েকল (এফসিভি) ইলেকট্রনিক কনসেপ্ট কার’। এফসিভি ইলেকট্রনিক কনসেপ্ট গাড়িটিতে হাইড্রোজেন ও বাতাস মিশ্রণে পানি উৎপন্ন হয়, যা পরবর্তীতে বিদ্যুৎ উৎপাদনে করে। আর এ উৎপাদিত বিদ্যুতের মাধ্যমেই গাড়িটি চলার শক্তি পেয়ে থাকে। গাড়িটি একবার রিফিলেই তিনশ’ দশ মাইল অনায়াসে ..', 'প্রযুক্তিবিষয়ক সাইট ম্যাশএবল এক প্রতিবেদনে জানিয়েছে, টয়োটা তাদের ভিন্নধর্মী এ গাড়িটির নাম দিয়েছে ‘ফুয়েল সেল ভিয়েকল (এফসিভি) ইলেকট্রনিক কনসেপ্ট কার’।\r\n\r\nএফসিভি ইলেকট্রনিক কনসেপ্ট গাড়িটিতে হাইড্রোজেন ও বাতাস মিশ্রণে পানি উৎপন্ন হয়, যা পরবর্তীতে বিদ্যুৎ উৎপাদনে করে। আর এ উৎপাদিত বিদ্যুতের মাধ্যমেই গাড়িটি চলার শক্তি পেয়ে থাকে। গাড়িটি একবার রিফিলেই তিনশ’ দশ মাইল অনায়াসে চলতে পারবে বলে জানিয়েছে এর নির্মাতা প্রতিষ্ঠান। মাঝারি আকৃতির চার দরজাবিশিষ্ট এ গাড়িটি থেকে পানির বাষ্প ছাড়া অন্য কিছু নির্গমন হয় না বলে প্রতিবেদনে জানিয়েছে ম্যাশএবল।\r\n\r\nএ গাড়িটি প্রসঙ্গে টয়োটার একজন মুখপাত্র জানিয়েছেন, পানি এবং বিদ্যুত তৈরির ক্ষেত্রে হাইড্রোজেন বেশ সুন্দরভাবে অক্সিজেনের সঙ্গে কাজ করতে পারে। তবে গাড়িটি তৈরিতে বেশ কিছু উল্লেখযোগ্য চ্যালেঞ্জ ছিল। এর মধ্যে প্রথম চ্যালেঞ্জটিই ছিল মানুষের জন্য সাশ্রয়ী হবে এমনভাবে গাড়িটিকে তৈরি করা।\r\n\r\nগাড়িটির জন্য সবচেয়ে বড় চ্যালেঞ্জ হচ্ছে এটি রিফিল করতে পারবে এমন ফুয়েলিং স্টেশন খুঁজে পাওয়া। তবে ক্যালিফোর্নিয়া ২০১৫ সাল নাগাদ গাড়িটির জন্য উপযোগী হবে এমন বিশটি ফুয়েলিং স্টেশন স্থাপনের জন্য বিশ কোটি ডলার আর্থিক সহায়তা দিতে রাজি হয়েছে। টয়োটার এ গাড়িটি ২০১৫ সাল নাগাদ বাজারে আসতে পারে।', 'img/post/img5.jpg', 'shahin', 'shahin@gmail.com', 5, 1, '2016-12-26 14:05:34'),
(23, 7, 1, 'ফ্যাশন-পর্যটনের হালচাল', 'পোশাকের ক্ষেত্রে বাঙালির রুচির পরিবর্তন হয়েছে। উৎসব ছাড়া এ দেশের মানুষ পোশাকে উজ্জ্বল রং ব্যবহার করত খুব কমই। তবে ২০১৩ সালে পুরোটাই বাহারি রংয়ের পোশাকের কদর ছিল। তবে ব্যবসা হয়েছে ম্লান। কমেছে বিক্রি-বাট্টা। আড়ংয়ের জ্যেষ্ঠ বিপণন কর্মকর্তা তাসনিন হোসেন বলেন “এ বছরটা আমাদের খুব একটা ভালো যায়নি। হরতাল, অবরোধে আমাদের বিক্রয়কেন্দ্রগুলো খোলা..', 'পোশাকের ক্ষেত্রে বাঙালির রুচির পরিবর্তন হয়েছে। উৎসব ছাড়া এ দেশের মানুষ পোশাকে উজ্জ্বল রং ব্যবহার করত খুব কমই। তবে ২০১৩ সালে পুরোটাই বাহারি রংয়ের পোশাকের কদর ছিল।\r\n\r\nতবে ব্যবসা হয়েছে ম্লান। কমেছে বিক্রি-বাট্টা।\r\n\r\nআড়ংয়ের জ্যেষ্ঠ বিপণন কর্মকর্তা তাসনিন হোসেন বলেন, “এ বছরটা আমাদের খুব একটা ভালো যায়নি। হরতাল, অবরোধে আমাদের বিক্রয়কেন্দ্রগুলো খোলা থাকলেও ক্রেতা সমাগম খুবই কম ছিল। আবার রাজনৈতিক অস্থিরতায় অনেক সময় আড়ংয়ের অনেক বিক্রয়কেন্দ্র বন্ধও রাখতে হয়েছে।”\r\n\r\nতিনি আরও বলেন, “বিভিন্ন জায়গায় আমাদের কারিগর রয়েছে। অবরোধ, হরতালে পণ্য সরবরাহ করতে পারেনি ঠিক মতো। ফলে তাদের মাথায় হাত। আবার আমাদের প্রত্যাশিত বিক্রির পরিমাণ কম হওয়াতে আয় কম হয়েছে। এসবের প্রভাব পড়েছে আমাদের খরচের খাতের উপর।”\r\n\r\nএকই রকম মন্তব্য করলেন নগরদোলার চিফ অপারেটিং অফিসার মোহাম্মদ আলী আফজাল। তিনি বলেন, “২০১৩ সালের শুরুটা ভালোই ছিল। বছরের মাঝামাঝি সময় থেকে মন্দার দিকে গিয়েছে। রাজনৈতিক অস্থিরতাই এর কারণ। আমার মনে হয় এই ক্ষতি কাটিয়ে উঠতে শুধু নগরদোলাই নয়, অন্যান্য প্রতিষ্ঠানগুলোকেও কমপক্ষে দুটি উৎসবে ঠিক মতো ব্যবসা করতে হবে।”\r\n\r\nএকই রকম মন্তব্য করলেন আড়ংয়ের তাসনিন। তার ভাষায়, “আমরা এখন সার্ভাইবাল স্টেইজে আছি। এখান থেকে বের হয়ে আসার জন্য আমারা তাকিয়ে আছি ঈদের দিকে। সেই সঙ্গে পহেলা বৈশাখটাও আমাদের টার্গেট।”\r\n\r\nআফজাল বলেন, “সামনে অবরোধ এই কারণে আমরা হাত গুটিয়ে বসে থাকতে পারি না। এখন থেকেই একুশ, বসন্ত, পহেলা বৈশাখ— এসব নিয়ে আমাদের কাজ চলছে।”\r\n\r\nদেশের এরকম পরিস্থিতিতেও সারা বছরই পোশাক বিক্রি হয়েছে। মানুষের চাহিদা অনুযায়ী এবার দেশীয় তৈরি পোশাক বিক্রির প্রতিষ্ঠানগুলো পশ্চিমা ধাঁচের মিশ্রণে পোশাক তৈরি করেছে। পোশাকে উজ্জ্বল রংয়ের ব্যবহার কয়েক বছর আগ থেকে শুরু হলেও এই বছর সেটার প্রভাব ছিল বেশি।\r\n\r\nরঙয়ের বিপ্লব সাহা বলেন, “আমারা সবসময়ই রং নিয়ে খেলে থাকি। তবে এবার গাঢ় রংয়ের পাশাপাশি হালকা রংয়ের পোশাকও করেছি আমারা। তরুণরা উজ্জ্বল রংয়ের পোশাক পরেছে উৎসবে। আবার তারাই সাধারণ ব্যবহারের জন্য হালকা রংয়ের পোশাকের দিকেও ঝুঁকেছে।”\r\n\r\nতবে এই বছর লম্বা কামিজ ও পাঞ্জাবি বেশি চলেছে।\r\n\r\nআফজাল বলেন, “কামিজ লং ছিল হাঁটু পর্যন্ত। সেটা এ বছর চলে গেছে হাঁটুর নিচ পর্যন্ত। গলার কাটিংয়েও এসেছে পরিবর্তন। গোলগলা ছাড়াও বিভিন্ন আকারের ডিজাইন এবার চলেছে বেশি। ওদিকে ছেলেদের পাঞ্জাবিও হয়েছে লম্বা।”\r\n\r\nআফজাল আরও বলেন, “এবার কামিজের গলার সামনের এক রং, পেছনে প্রিন্টেড নকশার জনপ্রিয়তা পেয়েছে।”\r\n\r\nতাসনিনও একই কথা বলেন। “এবার ক্রেতারা নানান রংয়ের পোশাকের প্রতি আগ্রহ দেখিয়েছে। উজ্জ্বল রংয়ের প্রতি আগ্রহ বেড়েছে মানুষের। আড়ংয়ের ‘তাগা’ পোশাক এবারও চলেছে বেশ।”', 'img/post/img6.jpg', 'shahin', 'shahin@gmail.com', 5, 1, '2017-01-08 21:35:11'),
(26, 7, 4, 'ফটোগ্রাফি কর্মশালা', 'এক বছরে প্রতিষ্ঠানটি সম্পন্ন করেছে ২টি আন্তর্জাতিক মাস্টারক্লাস, ৩টি মেন্টর প্রোগ্রাম (৬ মাস মেয়াদী), এলিমেন্টারি কোর্স, অ্যাডভান্সড কোর্স এবং ১০টির মতো বিভিন্ন মেয়াদী কর্মশালা।\r\nএরই ধারাবাহিকতায় ৯ থেকে ১১ জানুয়ারি ২০১৪ পর্যন্ত ৩ দিনব্যাপী ‘কমার্শিয়াল ফটোগ্রাফি এন্ড স্টুডিও ম্যানেজমেন্ট’ শীর্ষক একটি ফটোগ্রাফি কর্মশালার আয়োজন করতে যাচ্ছে..', '<p>\r\n এক বছরে প্রতিষ্ঠানটি সম্পন্ন করেছে ২টি আন্তর্জাতিক মাস্টারক্লাস, ৩টি মেন্টর প্রোগ্রাম (৬ মাস মেয়াদী), এলিমেন্টারি কোর্স, অ্যাডভান্সড কোর্স এবং ১০টির মতো বিভিন্ন মেয়াদী কর্মশালা। এরই ধারাবাহিকতায় ৯ থেকে ১১ জানুয়ারি ২০১৪ পর্যন্ত ৩ দিনব্যাপী &lsquo;কমার্শিয়াল ফটোগ্রাফি এন্ড স্টুডিও ম্যানেজমেন্ট&rsquo; শীর্ষক একটি ফটোগ্রাফি কর্মশালার আয়োজন করতে যাচ্ছে তারা। প্রতিষ্ঠানটির হেড অফ একাডেমিকস দ্বীন মোহাম্মদ শিবলী বলেন, &ldquo;এই কর্মশালা পরিচালনা করবেন স্টুডিও আরাশের প্রতিষ্ঠাতা ও আলোকচিত্রী আরমান হোসেন বাপ্পী। অনুষ্ঠিত হবে কাউন্টার ফটো উত্তরা ক্যাম্পাসে, যেটি দেশের অন্যতম আধুনিক ও বড় স্টুডিও (এখানে আউটডোর শুটিং এর জন্য ২টি &lsquo;রুফটপ গার্ডেন&rsquo; রয়েছে)। কর্মশালায় অংশগ্রহণকারীরা জানতে পারবেন ইনডোর ও আউটডোর কমার্শিয়াল ফটোগ্রাফির নানান দিক। পাশাপাশি স্টুডিও ব্যবস্থাপনা সম্পর্কেও আলাদাভাবে আলোকপাত করা হবে।</p>\r\n', 'img/post/img7.jpg', 'Tushar Kumar Ghosh', 'tushar@yahoo.com', 7, 1, '2017-02-26 07:45:46'),
(27, 3, 2, 'মুরসির বিচার মুলতবি', 'মিশরে বিক্ষোভকারী হত্যাকাণ্ডে জড়িত থাকার অভিযোগে ক্ষমতাচ্যুত প্রেসিডেন্ট মোহাম্মদ মুরসির বিচার মুলতবি করা হয়েছে। খারাপ আবহাওয়ার কারণে হেলিকপ্টারে করে মুরসিকে আদালতে হাজির করা যায়নি বলে কর্মকর্তারা জানানোর পর বুধবার তার বিচার ১ ফেব্রুয়ারি পর্যন্ত পিছিয়ে দেয়া হয়।\r\n২০১২ সালের ডিসেম্বরে মিশরের প্রেসিডেন্ট প্রাসাদের বাইরে ..', 'খারাপ আবহাওয়ার কারণে হেলিকপ্টারে করে মুরসিকে আদালতে হাজির করা যায়নি বলে কর্মকর্তারা জানানোর পর বুধবার তার বিচার ১ ফেব্রুয়ারি পর্যন্ত পিছিয়ে দেয়া হয়।\r\n\r\n২০১২ সালের ডিসেম্বরে মিশরের প্রেসিডেন্ট প্রাসাদের বাইরে বিক্ষোভকারীদের হত্যাকাণ্ডে ইন্ধন যোগানোর অভিযোগে বিচারের মুখোমুখি করা হয়েছে মুরসি ও তার মুসলিম ব্রাদারহুডের অপর ১৪ জন সহযোগীকে।\r\n\r\nমঙ্গলবার কায়রোর একটি আদালতে দ্বিতীয়বারের মতো তাদের হাজিরা দেয়ার কথা ছিল। অন্যান্যরা হেলিকপ্টারে করে পুলিশ কম্পাউন্ডে পৌঁছান। তাদের সঙ্গে মুরসিও সেখানে গেছেন বলে প্রাথমিকভাবে জানানো হয় রাষ্ট্রীয় গণমাধ্যমে।\r\n\r\nকিন্তু পরে রাষ্ট্রীয় বার্তা সংস্থা মেনা জানায়, খারাপ আবহাওয়ার কারণে মুরসির ফ্লাইট দেরি হওয়ায় তাকে আদালতে নেয়া যায়নি। তিনি এখনো আলেক্সান্দ্রিয়ার জেলেই আছেন।\r\n\r\nমুরসির অনুপস্থিতিতে আদালতে বিচারপ্রক্রিয়া শুরু হলেও সঙ্গে সঙ্গেই তা মুলতবি করা হয়।\r\n\r\nস্বরাষ্ট্রমন্ত্রী মোহাম্মদ ইব্রাহিমের উদ্ধৃতি দিয়ে মেনা জানায়, আলেক্সান্দ্রিয়ায় খারাপ আবহাওয়া এবং ঘন কুয়াশার কারণে পাইলট মুরসিকে নিয়ে রওনা দিতে অস্বীকৃতি জানায়।\r\n\r\nতবে আরেক ইসলামপন্থি এসাম আল-এরিন একই মামলায় মুরসির সঙ্গে বিচারের মুখোমুখি হওয়ায় মুরসি আদালতে হাজির হতে অস্বীকৃতি জানিয়েছেন- এমন খবর নাকচ করেছেন ইব্রাহিম।\r\n\r\n২০১৩ সালের জুলাইয়ে ব্যাপক সরকারবিরোধী বিক্ষোভ ও রক্তপাতের জেরে মুরসিকে ক্ষমতাচ্যুত করে মিশরের সেনাবাহিনী। তারপর থেকে সমর্থকরা তাকে ক্ষমতায় পুনর্বহাল করার দাবিতে প্রায় প্রতিদিন বিক্ষোভ করে আসছে।\r\n\r\nশুক্রবার মিশরজুড়ে মুসলিম ব্রাদারহুড সমর্থকদের সঙ্গে পুলিশের সংঘর্ষে অন্তত ১১ জন নিহত হন।\r\n\r\nহত্যাকাণ্ডে ইন্ধন যোগানোর অভিযোগ ছাড়াও মুরসির বিরুদ্ধে বিদেশি জঙ্গিদের সন্ত্রাসে মদদ দেয়া ও জেল ভেঙে পালানোর চেষ্টার অভিযোগের মামলা আছে। বিচারে দোষী সাব্যস্ত হলে মুরসির মৃত্যুদণ্ড হতে পারে।\r\n\r\nমানবাধিকার সংস্থাগুলো ওইসব অভিযোগের অনেকগুলোকেই অবাস্তব বলে খারিজ করে দিয়েছে।\r\n\r\nওদিকে, স্বচ্ছতার মাধ্যমে মুরসির বিচার পরিচালিত হবে বলে জোর দিয়ে বলেছেন মিশরীয় কর্মকর্তারা। কিন্তু তার আইনজীবীরা অভিযোগ করেছেন, মক্কেলের সঙ্গে তাদের দেখা করতে দেয়া হচ্ছে না।\r\n\r\nপ্রথমবার নভেম্বরে মুরসিকে আদালতে হাজির করা হলে কায়রোতে ব্যাপক হাঙ্গামা হয়।', 'img/post/img81.jpg', 'Mehedi Hasan', 'mehedi.CSE@gmail.com', 1, 1, '2014-01-08 15:07:38'),
(28, 1, 2, 'শীতজনিত রোগে কুড়িগ্রামে ৭ শিশুর মৃত্যু', 'বুধবার কুড়িগ্রাম সদর হাসপাতালের শিশু বিশেষজ্ঞ ডা. মোক্তার আলী বলেন, “শীতজনিত রোগে গত ৩ জানুয়ারি থেকে সাত শিশুর মৃত্যু হয়েছে।”\r\n\r\nএর হচ্ছে ভুরুঙ্গামারী বাসুরকুটি’র বাবু (১দিন), ফুলবাড়ীর হাসি (১দিন), বড়ভিটার বেবি (১দিন) ও খড়িবাড়ীর বেবী (১দিন), সদরের ভোগডাঙ্গার ..', 'বুধবার কুড়িগ্রাম সদর হাসপাতালের শিশু বিশেষজ্ঞ ডা. মোক্তার আলী বলেন, “শীতজনিত রোগে গত ৩ জানুয়ারি থেকে সাত শিশুর মৃত্যু হয়েছে।”\r\n\r\nএর হচ্ছে ভুরুঙ্গামারী বাসুরকুটি’র বাবু (১দিন), ফুলবাড়ীর হাসি (১দিন), বড়ভিটার বেবি (১দিন) ও খড়িবাড়ীর বেবী (১দিন), সদরের ভোগডাঙ্গার বাবুল (৪দিন) ও টাপুর চরের সানিয়া (২দিন) এবং চিলমারীর শাহজামাল (১৩দিন)।\r\n\r\nতীব্র শীতের কারণে প্রতিদিন হাসপাতালে রোগীর সংখ্যা বাড়ছে। এরমধ্যে প্রায় আড়াইশ’ শিশু হাসপাতালে ভর্তি হয়েছে বলে জানান তিনি।\r\nকুড়িগ্রামের সিভিল সার্জন ডা. লোকমান হাকীম জানান, তীব্র শীতের কারণে হাইপার টেনশন, শ্বাস কষ্ট, ডায়রিয়া, নিউমোনিয়াসহ বিভিন্ন রোগ দেখা দিয়েছে।\r\n\r\nশীতার্থ মানুষের পাশে দাঁড়াতে স্বাস্থ্য বিভাগের সব কর্মকর্তা-কর্মচারীর ছুটি বাতিল করা হয়েছে।\r\n\r\nএছাড়া ৮৫টি মেডিকেল টিম গঠন করা হয়েছে বলে জানান তিনি।\r\n\r\nকুড়িগ্রাম জেলা প্রশাসক এবিএম আজাদ জানান, পরিস্থিতি সামাল দিতে ১০ হাজার ৬৪২টি কম্বল বিতরণ করা হয়েছে।\r\n\r\nএছাড়া বিভিন্ন বেসরকারি সংস্থা ও ব্যক্তিগত উদ্যোগে কিছু শীতবস্ত্র বিতরণ করেছে।\r\n\r\nচাহিদা বেশি থাকায় জেলা প্রশাসন জরুরিভাবে আরো ১০ হাজার কম্বল বরাদ্দ চেয়েছে।', 'img/post/img9.jpg', 'Mehedi Hasan', 'mehedi.CSE@gmail.com', 7, 1, '2014-01-08 22:42:22'),
(29, 1, 1, 'সংখ্যালঘুদের উপর হামলার প্রতিবাদ', 'দশম জাতীয় সংসদ নির্বাচনকে কেন্দ্র করে সংখ্যালঘু সম্প্রদায়ের সম্পদে হামলা, ভাংচুর, অগ্নিসংযোগ ও লুটপাটের প্রতিবাদ করেছেন সমাজের বিভিন্ন স্তরের মানুষ। বুধবার রাজশাহীতে এবং রাজশাহী বিশ্ববিদ্যালয় মানববন্ধন, বিক্ষোভ,  গোপালগঞ্জে বিক্ষোভ এবং জামালপুরে সংবাদ সম্মেলন করা হয়..', 'বুধবার রাজশাহীতে এবং রাজশাহী বিশ্ববিদ্যালয় মানববন্ধন, বিক্ষোভ,  গোপালগঞ্জে বিক্ষোভ এবং জামালপুরে সংবাদ সম্মেলন করা হয়।\r\n\r\nবিএনপি নেতৃত্বাধীন ১৮ দলীয় জোটের নির্বাচন বিরোধী অবস্থানের মধ্যে গত রোববার (৫ জানুয়ারি) দশম জাতীয় সংসদের ভোট গ্রহণ হয়। এ নির্বাচনকে কেন্দ্র করে দেশের বিভিন্ন স্থানে সংখ্যালঘু সম্প্রদায়ের সম্পদে হামলা, ভাংচুর, লুটপাট ও অগ্নিসংযোগ হয়।\r\n\r\nরাজশাহীতে মানববন্ধন ও বিক্ষোভ\r\n\r\nদুপুরে নগরীর সাহেববাজার জিরো পয়েন্টে রাজশাহী সাংবাদিক ইউনিয়ন মানববন্ধন করে। এছাড়া আদালত চত্বরে বিক্ষোভ মিছিল করেন আইনজীবীরা।\r\n\r\nমানববন্ধনে সাংবাদিকরা সংখ্যালঘুদের উপর হামলাকারীদের দ্রুত গ্রেপ্তার ও শাস্তির দাবি জানান।\r\n\r\nএ সময় বক্তব্য রাখেন প্রবীণ সাংবাদিক মোস্তাফিজুর রহমান খান, সাংবাদিক ইউনিয়ন সভাপতি হাসান মিল্লাত ও সাধারণ সম্পাদক মামুন-অর-রশিদ।\r\n\r\nউপস্থিত ছিলেন দৈনিক সোনার দেশের সম্পাদক ফজলুল হক, বিএফইউজের সদস্য কাজী গিয়াস, জাবীদ অপু, তৈয়বুর রহমান, সোনার দেশের বার্তা সম্পাদক কাজী শাহেদ, সাংবাদিক আনিসুজ্জামান, রাশেদ রিপন, বিটিভির আজিজুল ইসলাম, রাজশাহী টিভি জার্নালিস্ট ইউনিটির সাংগঠনিক সম্পাদক বদরুল হাসান লিটন, যুগান্তরের জিয়াউল গণি সেলিম, সময় টিভির মেহেরুল সুজন প্রমুখ।\r\n\r\nএদিকে, প্রবীণ আইনজীবী ইব্রাহীম হোসেনের নেতৃত্বে রাজশাহী জজ আদালত চত্বরে বিক্ষোভ মিছিল করেন আইনজীবীরা।\r\n\r\nমিছিল শেষে সংক্ষিপ্ত সমাবেশে বক্তব্য রাখেন অ্যাডভোকেট আব্দুস সালাম, আসলাম সরকার প্রমুখ।\r\n\r\nসংখ্যালঘুদের হামলায় ফিরছে একাত্তরের দোসররা\r\n\r\n', 'img/post/img101.jpg', 'shahin', 'shahin@gmail.com', 1, 1, '2017-01-08 22:28:28'),
(30, 1, 2, 'শপথ সকাল ১০টায়', 'দেশের আইনসভার সদস্য হিসাবে বৃহস্পতিবার শপথ নিচ্ছেন দশম জাতীয় সংসদ নির্বাচনে নির্বাচিত সাংসদরা . সকাল ১০টায় জাতীয় সংসদে এই শপথ অনুষ্ঠান হবে বলে সংসদ সচিবালয়ের জনসংযোগ বিভাগের পরিচালক জয়নাল আবেদীন বিডিনিউজ টোয়েন্টিফোর ডটকমকে জানান।\r\n\r\nসংবিধান অনুযায়ী স্পিকার শিরীন শারমিন চৌধুরী নবনির্বাচিত সাংসদদের শপথ পড়াবেন..', 'সকাল ১০টায় জাতীয় সংসদে এই শপথ অনুষ্ঠান হবে বলে সংসদ সচিবালয়ের জনসংযোগ বিভাগের পরিচালক জয়নাল আবেদীন বিডিনিউজ টোয়েন্টিফোর ডটকমকে জানান।\r\n\r\nসংবিধান অনুযায়ী স্পিকার শিরীন শারমিন চৌধুরী নবনির্বাচিত সাংসদদের শপথ পড়াবেন।\r\n\r\nদুপুরে ইসির অনুমোদনের পর নাম, পিতা-মাতার নাম ও ঠিকানাসহ ২৯০ নির্বাচিত সংসদ সদস্যের ফলাফলের গেজেট প্রকাশ করা হয়। নির্বাচন কমিশন সচিব মোহাম্মদ সাদিক স্বাক্ষরিত নির্বাচিতদের গেজেট সন্ধ্যা সোয়া ৬টায় বিজি প্রেস থেকে ইসি সচিবালয়ে পৌঁছায়।\r\n\r\nসংবিধান অনুযায়ী, সংসদ নির্বাচনের ফলাফল গেজেট আকারে প্রকাশের তিন দিনের মধ্যে শপথের বাধ্যবাধকতা রয়েছে। এরপর ৩০ দিনের মধ্যে সংসদের অধিবেশন বসারও কথা রয়েছে।\r\n\r\nদশম সংসদ নির্বাচনে ৩০০ সংসদীয় আসনে ১৫৩ জন বিনা প্রতিদ্বন্দ্বিতায় নির্বাচিত হন। আর গত ৫ জানুয়ারি ভোটে নির্বাচিত হন ১৩৯ জন। বাকি আটটি আসনে পুনর্ভোট হবে ১৬ জানুয়ারি।\r\n\r\nএর মধ্যে যশোর-১ আসনে শেখ আফিলউদ্দিন ও যশোর-২ আসনে মনিরুল ইসলামের নাম বাদ রেখে বাকি ২৯০ আসনের গেজেট প্রকাশ করেছে ইসি।\r\n\r\nগেজেট অনুযায়ী সংসদে আওয়ামী লীগ ২২৯, জাতীয় পার্টি ৩৩, ওয়ার্কার্স পার্টি ৬, জাসদ ৫, স্বতন্ত্র ১৪ এবং তরিকত ফেডারেশন, বিএনএফ ও জেপি একটি করে আসন পেয়েছে।', 'img/post/111.jpg', 'Mehedi Hasan', 'mehedi.CSE@gmail.com', 11, 1, '2017-01-08 22:27:55'),
(31, 4, 4, 'গ্রীষ্মে হচ্ছে না কাতার বিশ্বকাপ', 'বিশ্বকাপের আয়োজক হিসেবে কাতারের নাম ঘোষণার পর থেকেই মধ্যপ্রাচ্যের দেশটিতে প্রচণ্ড তাপমাত্রায় বিশ্বকাপ আয়োজন নিয়ে বিতর্ক চলছিল।\r\n\r\nবুধবার রেডিও ফ্রান্সকে ভালকে জানান, কাতার বিশ্বকাপ জুন ও জুলাইয়ে হচ্ছে না।\r\n\r\n"সত্যি কথা বলতে কি, আমি মনে করি এটা ১৫ নভেম্বর থেকে ১৫ জানুয়ারির মধ্যে হতে পারে।" ..', 'বিশ্বকাপের আয়োজক হিসেবে কাতারের নাম ঘোষণার পর থেকেই মধ্যপ্রাচ্যের দেশটিতে প্রচণ্ড তাপমাত্রায় বিশ্বকাপ আয়োজন নিয়ে বিতর্ক চলছিল।\r\n\r\nবুধবার রেডিও ফ্রান্সকে ভালকে জানান, কাতার বিশ্বকাপ জুন ও জুলাইয়ে হচ্ছে না।\r\n\r\n"সত্যি কথা বলতে কি, আমি মনে করি এটা ১৫ নভেম্বর থেকে ১৫ জানুয়ারির মধ্যে হতে পারে।"\r\n\r\nতার মতে, ১৫ নভেম্বর থেকে ডিসেম্বরের শেষ পর্যন্ত সময়টায় সেখানকার আবহাওয়া সবচেয়ে অনুকূলে থাকবে। তখন সেখানকার তাপমাত্র থাকবে ইউরোপের উষ্ণ বসন্তের মতো, গড়ে ২৫ ডিগ্রি সেলসিয়াস।\r\n\r\n"এটা হবে ফুটবল খেলার জন্য আদর্শ।"\r\n\r\nকাতারে ২০২২ সালের বিশ্বকাপ গ্রীষ্মকাল থেকে সরিয়ে নেয়া হবে কিনা তা নির্ধারণে গত অক্টোবরে একটি টাস্কফোর্স গঠনের সিদ্ধান্ত নেয় আন্তর্জাতিক ফুটবল সংস্থা (ফিফা)।\r\nএরপর কাতারে বিশ্বকাপ ফুটবলের আয়োজনের সিদ্ধান্ত নেয়াটা ''ভুল'' ছিল বলে স্বীকার করেন ফিফা প্রেসিডেন্ট সেপ ব্লাটার। গ্রীষ্মে মধ্যপ্রাচ্যের দেশটির প্রচণ্ড তাপমাত্রার জন্য বিশ্বকাপের সময়টা শীতকালে নিয়ে যাওয়ার পরিকল্পনার কথাও জানান তিনি।\r\n\r\nএরই প্রেক্ষিতে এই টাস্কফোর্স গঠনের সিদ্ধান্ত নেয়া হয়। চিকিৎসক, খেলা সম্প্রচারকারী, স্পন্সর ও প্রভাবশালী ইউরোপীয় লিগগুলোর কর্তৃপক্ষের সঙ্গে এই টাস্কফোর্স ২০২২ বিশ্বকাপের সময়সূচি নিয়ে আলোচনা করবে।\r\n\r\nউত্তর গোলার্ধে শীতকালে বিশ্বকাপ আয়োজন করলে ইউরোপীয় লিগগুলোর সমস্যা হয় বলে সাধারণত গ্রীষ্মেই বিশ্বকাপ হয়। তবে ইউরোপীয় ফুটবলের সর্বোচ্চ সংস্থা উয়েফা ইতোমধ্যে জুন-জুলাই থেকে সরিয়ে শীতের সময় টুর্নামেন্টটি আয়োজনের পক্ষে মত দিয়েছে।\r\n\r\n২০১০ সালের ডিসেম্বরে ফিফার ২২ সদস্যের নির্বাহী কমিটির ভোটে দক্ষিণ কোরিয়া, জাপান, অস্ট্রেলিয়া ও যুক্তরাষ্ট্রকে হারিয়ে ২০২২ বিশ্বকাপের আয়োজক হওয়ার সুযোগ পায় কাতার।\r\n', 'img/post/img121.jpg', 'Mehedi Hasan', 'mehedi.CSE@gmail.com', 3, 1, '2016-12-26 14:03:18'),
(33, 1, 4, 'শিক্ষা প্রতিষ্ঠানে ভোটকেন্দ্র না করার আহ্বান', 'দশম জাতীয় সংসদ নির্বাচন ঘিরে সারা দেশে ৫৩১টি শিক্ষাপ্রতিষ্ঠানে অগ্নিসংযোগ ও ভাংচুর চালানোর ঘটনায় উদ্বেগ প্রকাশ করে এক যৌথ বিবৃতিতে তারা এই আহ্বান জানান।\r\n\r\nতত্ত্বাবধায়ক সরকারের সাবেক উপদেষ্টা ও গণসাক্ষরতা অভিযানের নির্বাহী পরিচালক রাশেদা কে চৌধুরীর স্বাক্ষরে ..', '', 'img/post/img131.jpg', 'Tushar Kumar Ghosh', 'tushar@yahoo.com', 0, 1, '2017-01-09 01:04:21'),
(34, 1, 3, 'এরশাদের ‘দোয়া’ নিয়ে বিরোধী নেত্রী রওশন', 'নবনির্বাচিত সংসদ সদস্যদের গেজেট প্রকাশের পর সংসদে শপথ অনুষ্ঠানের তোড়জোড়ের মধ্যে বুধবার জাতীয় সংসদ ভবনে দলের এক সংবাদ সম্মেলনে একথা জানানো হয়।\r\n\r\nদলীয় নেতাদের পাশে রেখে ওই সংবাদ সম্মেলনে রওশন বলেন, “আমাদের দলের চেয়ারম্যান বলেছেন, তিনি দেশের রাষ্ট্রপতি ছিলেন, তাই বিরোধীদলীয় নেতা হিসেবে শপথ অনুষ্ঠানে অংশগ্রহণ..', 'নবনির্বাচিত সংসদ সদস্যদের গেজেট প্রকাশের পর সংসদে শপথ অনুষ্ঠানের তোড়জোড়ের মধ্যে বুধবার জাতীয় সংসদ ভবনে দলের এক সংবাদ সম্মেলনে একথা জানানো হয়।\r\n\r\nদলীয় নেতাদের পাশে রেখে ওই সংবাদ সম্মেলনে রওশন বলেন, “আমাদের দলের চেয়ারম্যান বলেছেন, তিনি দেশের রাষ্ট্রপতি ছিলেন, তাই বিরোধীদলীয় নেতা হিসেবে শপথ অনুষ্ঠানে অংশগ্রহণ করতে পারছেন না।\r\n\r\n“তিনি (এরশাদ) বলেছেন, ‘তুমিই বিরোধীদলীয় নেতা হও। আমার দোয়া তোমার সঙ্গে থাকবে’।”\r\n\r\nনির্বাচনের আগে চেয়ারপারসনের দায়িত্ব ছাড়ার গুঞ্জনের মধ্যে এরশাদ বলেছিলেন, “রওশন আমার স্ত্রী। সে আমার মতের বাইরে যায়নি, যাবেও না।”\r\n\r\nতবে নানা নাটকীয়তার মধ্যে দেশবাসীকে বিভ্রান্তিতে রেখে ৫ জানুয়ারি অনুষ্ঠিত নির্বাচনে ১৩টি আসনে জয় পায় জাতীয় পার্টি, যার একটিতে বিজয়ী হন নির্বাচন থেকে সরে দাঁড়ানোর ঘোষণা দিয়ে হাসপাতালে থাকা এরশাদও।\r\n\r\nসংবাদ সম্মেলনের শুরুতেই রওশন সাংবাদিকদের উদ্দেশে বলেন, “আমি জানি, আপনাদের মনে অনেক প্রশ্ন রয়েছে। আপনারা নিশ্চয়ই জানতে চান, কেন জাতীয় পার্টি নির্বাচনে গেল?\r\n\r\n“আমাদের উত্তর হচ্ছে, দেশ একটি ক্রান্তিলগ্ন পার করছিল। সন্ত্রাস-অবরোধ-জ্বালাও-পোড়াওসহ নানা সমস্যা দেখা দিচ্ছিল। এ রকম একটি পরিস্থিতিতে দেশের সাংবিধানিক ধারাবাহিকতা ও গণতন্ত্রের ধারা রক্ষার জন্যই জাতীয় পার্টি নির্বাচনে অংশগ্রহণ করেছে।”\r\n\r\nনির্বাচন নিয়ে নানা গুঞ্জনের মধ্যে সাংবাদিকদের এড়িয়ে চলা রওশন বলেন, “আমাদের অনেক ‍দ্বিধাদ্বন্দ্ব ছিল। কিন্তু পার্টির প্রেসিডিয়াম কমিটিতে বিস্তর আলোচনা করে দেশের গণতান্ত্রিক ও সাংবিধানিক ধারা রক্ষা করতেই আমরা নির্বাচনে অংশগ্রহণ করেছি। নইলে দেশে অগণতান্ত্রিক শক্তির উত্থান ঘটতে পারত, যা কারোরই কাম্য নয়।”\r\n\r\nতবে সঙ্কটের সমাধান এখনো হয়নি স্বীকার করে তিনি বলেন, “দেশের সার্বিক কল্যাণ, স্থিতিশীলতার জন্য বড় দুটি দলের আলোচনার কোনো বিকল্প নেই। আমরা দুই দলের নেতৃবৃন্দের প্রতি আহ্বান জানাব, যেন আলোচনায় বসে একটি সমঝোতায় পৌঁছান।”\r\n\r\nভোটে জয়ীদের সঙ্গে বিনা প্রতিদ্বন্দ্বিতায় জয়ী রওশনসহ ২০ জনকে নিয়ে বিএনপিবিহীন দশম সংসদে ৩৩ আসন হচ্ছে জাতীয় পার্টির। ফলে আওয়ামী লীগের পর দ্বিতীয় বৃহত্তম দল হিসেবে আবির্ভূত হচ্ছে তারা।\r\n\r\nশপথের আগের দিন সংসদ ভবনে দলীয় নেতাদের সঙ্গে বৈঠকের পর জাতীয় পার্টির সভাপতিমণ্ডলীর সদস্য রওশন বলেন, সংসদ সদস্য হিসেবে এরশাদও শপথ নেবেন।\r\n\r\n“আমাদের দলের চেয়ারম্যানও আগামীকাল অথবা যে কোনো দিন শপথ অনুষ্ঠানে অংশগ্রহণ করবেন।”\r\n\r\nসিএমএইচে এরশাদ এখন কেমন আছেন, কী করছেন- জানতে চাইলে তার স্ত্রী রওশন বলেন,“চেয়ারম্যান আমাদের সাথেই আছেন। তিনি আমাদের উৎসাহ দিচ্ছেন, নির্দেশ দিচ্ছেন; কিন্তু শরীর খারাপের কারণে হাসপাতালে আছেন।\r\n\r\n“উনার ওপর অনেক স্ট্রেস গেছে। এখন তিনি কিছুটা সুস্থ। কিছুদিনের মধ্যেই ডাক্তার তাকে ছেড়ে দেবেন।”', 'img/post/img141.jpg', 'Palash Karmakar', 'pkarma@live.com', 3, 1, '2017-01-09 01:40:12'),
(35, 7, 1, 'ফটোগ্রাফি কর্মশালা', 'এক বছরে প্রতিষ্ঠানটি সম্পন্ন করেছে ২টি আন্তর্জাতিক মাস্টারক্লাস, ৩টি মেন্টর প্রোগ্রাম (৬ মাস মেয়াদী), এলিমেন্টারি কোর্স, অ্যাডভান্সড কোর্স এবং ১০টির মতো বিভিন্ন মেয়াদী কর্মশালা। এরই ধারাবাহিকতায় ৯ থেকে ১১ জানুয়ারি ২০১৪ পর্যন্ত ৩ দিনব্যাপী ‘কমার্শিয়াল ফটোগ্রাফি এন্ড স্টুডিও ম্যানেজমেন্ট’ শীর্ষক একটি ফটোগ্রাফি কর্মশালার আয়োজন করতে যাচ্ছে..', 'এক বছরে প্রতিষ্ঠানটি সম্পন্ন করেছে ২টি আন্তর্জাতিক মাস্টারক্লাস, ৩টি মেন্টর প্রোগ্রাম (৬ মাস মেয়াদী), এলিমেন্টারি কোর্স, অ্যাডভান্সড কোর্স এবং ১০টির মতো বিভিন্ন মেয়াদী কর্মশালা। এরই ধারাবাহিকতায় ৯ থেকে ১১ জানুয়ারি ২০১৪ পর্যন্ত ৩ দিনব্যাপী ‘কমার্শিয়াল ফটোগ্রাফি এন্ড স্টুডিও ম্যানেজমেন্ট’ শীর্ষক একটি ফটোগ্রাফি কর্মশালার আয়োজন করতে যাচ্ছে তারা। প্রতিষ্ঠানটির হেড অফ একাডেমিকস দ্বীন মোহাম্মদ শিবলী বলেন, “এই কর্মশালা পরিচালনা করবেন স্টুডিও আরাশের প্রতিষ্ঠাতা ও আলোকচিত্রী আরমান হোসেন বাপ্পী। অনুষ্ঠিত হবে কাউন্টার ফটো উত্তরা ক্যাম্পাসে, যেটি দেশের অন্যতম আধুনিক ও বড় স্টুডিও (এখানে আউটডোর শুটিং এর জন্য ২টি ‘রুফটপ গার্ডেন’ রয়েছে)। কর্মশালায় অংশগ্রহণকারীরা জানতে পারবেন ইনডোর ও আউটডোর কমার্শিয়াল ফটোগ্রাফির নানান দিক। পাশাপাশি স্টুডিও ব্যবস্থাপনা সম্পর্কেও আলাদাভাবে আলোকপাত করা হবে।', 'img/post/1.jpg', 'shahin', 'shahin@gmail.com', 0, 1, '2016-12-27 19:47:42'),
(36, 5, 1, 'ফটোগ্রাফি কর্মশালা2', 'এক বছরে প্রতিষ্ঠানটি সম্পন্ন করেছে ২টি আন্তর্জাতিক মাস্টারক্লাস, ৩টি মেন্টর প্রোগ্রাম (৬ মাস মেয়াদী), এলিমেন্টারি কোর্স, অ্যাডভান্সড কোর্স এবং ১০টির মতো বিভিন্ন মেয়াদী কর্মশালা। এরই ধারাবাহিকতায় ৯ থেকে ১১ জানুয়ারি ২০১৪ পর্যন্ত ৩ দিনব্যাপী ‘কমার্শিয়াল ফটোগ্রাফি এন্ড স্টুডিও ম্যানেজমেন্ট’ শীর্ষক একটি ফটোগ্রাফি কর্মশালার আয়োজন করতে যাচ্ছে তারা', 'এক বছরে প্রতিষ্ঠানটি সম্পন্ন করেছে ২টি আন্তর্জাতিক মাস্টারক্লাস, ৩টি মেন্টর প্রোগ্রাম (৬ মাস মেয়াদী), এলিমেন্টারি কোর্স, অ্যাডভান্সড কোর্স এবং ১০টির মতো বিভিন্ন মেয়াদী কর্মশালা। এরই ধারাবাহিকতায় ৯ থেকে ১১ জানুয়ারি ২০১৪ পর্যন্ত ৩ দিনব্যাপী ‘কমার্শিয়াল ফটোগ্রাফি এন্ড স্টুডিও ম্যানেজমেন্ট’ শীর্ষক একটি ফটোগ্রাফি কর্মশালার আয়োজন করতে যাচ্ছে তারা। প্রতিষ্ঠানটির হেড অফ একাডেমিকস দ্বীন মোহাম্মদ শিবলী বলেন, “এই কর্মশালা পরিচালনা করবেন স্টুডিও আরাশের প্রতিষ্ঠাতা ও আলোকচিত্রী আরমান হোসেন বাপ্পী। অনুষ্ঠিত হবে কাউন্টার ফটো উত্তরা ক্যাম্পাসে, যেটি দেশের অন্যতম আধুনিক ও বড় স্টুডিও (এখানে আউটডোর শুটিং এর জন্য ২টি ‘রুফটপ গার্ডেন’ রয়েছে)। কর্মশালায় অংশগ্রহণকারীরা জানতে পারবেন ইনডোর ও আউটডোর কমার্শিয়াল ফটোগ্রাফির নানান দিক। পাশাপাশি স্টুডিও ব্যবস্থাপনা সম্পর্কেও আলাদাভাবে আলোকপাত করা হবে।', 'img/post/2.jpg', 'shahin', 'shahin@gmail.com', 0, 1, '2016-12-27 19:51:21');

-- --------------------------------------------------------

--
-- Table structure for table `tbl_blogger`
--

CREATE TABLE `tbl_blogger` (
  `blogger_id` int(5) NOT NULL,
  `blogger_name` varchar(50) NOT NULL,
  `blogger_email_address` varchar(100) NOT NULL,
  `blogger_password` varchar(32) NOT NULL,
  `address` text NOT NULL,
  `country` varchar(50) NOT NULL
) ENGINE=InnoDB DEFAULT CHARSET=utf8;

--
-- Dumping data for table `tbl_blogger`
--

INSERT INTO `tbl_blogger` (`blogger_id`, `blogger_name`, `blogger_email_address`, `blogger_password`, `address`, `country`) VALUES
(1, 'shahin', 'shahin@gmail.com', '123456', 'mahilara,gournadi,barisal', 'BD'),
(2, 'Mehedi Hasan', 'mehedi.CSE@gmail.com', '224488', 'Tongi', 'BD'),
(3, 'Palash Karmakar', 'pkarma@live.com', '7788889', 'Ghatail', 'BD'),
(4, 'Tushar Kumar Ghosh', 'tushar@yahoo.com', 'tushar1234', 'Cantonment, Dhaka', 'BS'),
(5, 'Tanvir Jahan', 'tanin@gmail.com', 'tanin1234', 'Mirpur, Dhaka', 'BD');

-- --------------------------------------------------------

--
-- Table structure for table `tbl_category`
--

CREATE TABLE `tbl_category` (
  `category_id` int(2) NOT NULL,
  `category_name` varchar(100) NOT NULL,
  `category_description` text NOT NULL,
  `publication_status` tinyint(1) NOT NULL
) ENGINE=InnoDB DEFAULT CHARSET=utf8;

--
-- Dumping data for table `tbl_category`
--

INSERT INTO `tbl_category` (`category_id`, `category_name`, `category_description`, `publication_status`) VALUES
(1, 'জাতীয়', 'National news', 1),
(3, 'আন্তর্জাতিক', 'International News', 1),
(4, 'খেলা', 'Sports News', 1),
(5, 'বিনোদন', 'Entertainment News', 1),
(6, 'তথ্যপ্রযুক্তি', 'Technology News', 1),
(7, 'লাইফস্টাইল', 'Lifestyle News', 1);

-- --------------------------------------------------------

--
-- Table structure for table `tbl_comments`
--

CREATE TABLE `tbl_comments` (
  `comments_id` int(9) NOT NULL,
  `blog_id` int(5) NOT NULL,
  `blogger_id` int(3) NOT NULL,
  `comments` text NOT NULL,
  `publication_status` tinyint(1) NOT NULL,
  `created_date_time` timestamp NOT NULL DEFAULT CURRENT_TIMESTAMP
) ENGINE=InnoDB DEFAULT CHARSET=utf8;

--
-- Dumping data for table `tbl_comments`
--

INSERT INTO `tbl_comments` (`comments_id`, `blog_id`, `blogger_id`, `comments`, `publication_status`, `created_date_time`) VALUES
(32, 23, 4, 'Comment from Tushar', 1, '2014-01-08 12:31:02'),
(33, 26, 4, 'Comment', 0, '2014-01-08 14:41:35'),
(34, 22, 2, 'ক পাসওয়ার্ড। তাতে জানুয়ারির জন্য A, ফেব্রুয়ারির জন্য B, মার্চের জন্য C। অনেকদিন ধরে কোনো ওয়েবসাইট ব্যবহার না হলে তার পাসওয়ার্ডেও আনতে পারেন পরিবর্তন। ', 1, '2014-01-08 15:19:07'),
(35, 31, 4, 'না তা নির্ধারণে গত অক্টোবরে একটি টাস্কফোর্স গঠনের সিদ্ধান্ত নেয় আন্তর্জাতিক ফুটবল সংস্থা (ফিফা)। এরপর কাতারে বিশ্বকাপ ফুটবলের আয়োজনের সিদ্ধান্ত নেয়াটা ''ভুল'' ছিল ', 0, '2014-01-08 15:24:38'),
(36, 30, 5, 'ফেডারেশন, বিএনএফ ও জেপি একটি করে আসন পেয়েছে।', 0, '2014-01-08 21:40:52'),
(37, 22, 5, 'ajshkajhfuiy398yvhb vnkgnsv ', 0, '2014-01-08 22:36:00'),
(38, 28, 5, 'দ্দ চেয়েছে।', 0, '2014-01-08 22:37:52'),
(39, 28, 5, 'New Published', 0, '2014-01-08 22:41:51'),
(40, 20, 4, 'যদিও তথ্য সংগ্রহের প্রযুক্তি এখন রয়েছে ফেইসবুকে কিন্তু তথ্য সংগ্রহের অভিযোগটি পুরোপুরি নাকচ করেছে ফেইসবুক।', 1, '2014-01-09 00:41:53'),
(41, 20, 2, 'পিটিসন দায়ের করেছেন', 1, '2014-01-09 04:05:51');

--
-- Indexes for dumped tables
--

--
-- Indexes for table `tbl_admin`
--
ALTER TABLE `tbl_admin`
  ADD PRIMARY KEY (`admin_id`);

--
-- Indexes for table `tbl_blog`
--
ALTER TABLE `tbl_blog`
  ADD PRIMARY KEY (`blog_id`);

--
-- Indexes for table `tbl_blogger`
--
ALTER TABLE `tbl_blogger`
  ADD PRIMARY KEY (`blogger_id`);

--
-- Indexes for table `tbl_category`
--
ALTER TABLE `tbl_category`
  ADD PRIMARY KEY (`category_id`);

--
-- Indexes for table `tbl_comments`
--
ALTER TABLE `tbl_comments`
  ADD PRIMARY KEY (`comments_id`);

--
-- AUTO_INCREMENT for dumped tables
--

--
-- AUTO_INCREMENT for table `tbl_admin`
--
ALTER TABLE `tbl_admin`
  MODIFY `admin_id` int(2) NOT NULL AUTO_INCREMENT, AUTO_INCREMENT=2;
--
-- AUTO_INCREMENT for table `tbl_blog`
--
ALTER TABLE `tbl_blog`
  MODIFY `blog_id` int(5) NOT NULL AUTO_INCREMENT, AUTO_INCREMENT=37;
--
-- AUTO_INCREMENT for table `tbl_blogger`
--
ALTER TABLE `tbl_blogger`
  MODIFY `blogger_id` int(5) NOT NULL AUTO_INCREMENT, AUTO_INCREMENT=6;
--
-- AUTO_INCREMENT for table `tbl_category`
--
ALTER TABLE `tbl_category`
  MODIFY `category_id` int(2) NOT NULL AUTO_INCREMENT, AUTO_INCREMENT=8;
--
-- AUTO_INCREMENT for table `tbl_comments`
--
ALTER TABLE `tbl_comments`
  MODIFY `comments_id` int(9) NOT NULL AUTO_INCREMENT, AUTO_INCREMENT=42;
/*!40101 SET CHARACTER_SET_CLIENT=@OLD_CHARACTER_SET_CLIENT */;
/*!40101 SET CHARACTER_SET_RESULTS=@OLD_CHARACTER_SET_RESULTS */;
/*!40101 SET COLLATION_CONNECTION=@OLD_COLLATION_CONNECTION */;
